lace_band,patients,readmission_30d_count,avg_los,avg_chronic_conditions,readmission_30d_rate_pct
0-5,1905,28,0.19112860892388453,0.2173228346456693,1.47
6-10,1302,149,2.6178648233486945,2.280337941628264,11.44
11-15,703,135,4.893456614509246,3.4267425320056897,19.2
16+,125,25,7.71216,4.648,20.0
